node_id,ISO3,visual_factor,status,disease_count,avg_residual,cis_avg
AFG-As_Expected,AFG,As_Expected,Borderline,2,-0.35373907458372267,-0.28559923123617736
AFG-Governance,AFG,Governance,Under,2,-1.5041657610034653,-0.028193064616538303
AFG-Health_Infrastructure,AFG,Health_Infrastructure,As_Expected,3,-0.6340288797252697,-0.02023357498703164
AFG-Research_Capacity,AFG,Research_Capacity,Over_Performing,2,0.4585581803257227,-0.23793275431244254
AGO-As_Expected,AGO,As_Expected,Borderline,4,0.09290687059500558,0.03705820068975169
ALB-As_Expected,ALB,As_Expected,Borderline,4,0.3372542414592764,-0.007664029879303208
ALB-Multiple_Factors,ALB,Multiple_Factors,Under,2,-2.5664301471976514,0.11285321525361205
ARE-As_Expected,ARE,As_Expected,Borderline,5,0.39400684002451464,-0.041542388591093805
ARE-Governance,ARE,Governance,Over_Performing,2,3.267349150716202,0.10147327964260419
ARE-Research_Capacity,ARE,Research_Capacity,Over_Performing,3,0.8539385836196679,-0.0560063021561449
ARG-As_Expected,ARG,As_Expected,Borderline,9,-0.3219596635121936,-0.06484992847111465
ARG-Governance,ARG,Governance,Over_Performing,2,2.290037989506185,-0.2868450557869597
ARG-Multiple_Factors,ARG,Multiple_Factors,Over_Performing,2,0.306261565707568,-0.09428905222764855
ARG-Research_Capacity,ARG,Research_Capacity,As_Expected,2,-0.5205623944406759,0.017781285171688074
ARM-As_Expected,ARM,As_Expected,Borderline,3,0.31293324335187633,0.035301000252145685
AUS-As_Expected,AUS,As_Expected,Borderline,11,0.4157521526593216,-0.23073570421083123
AUS-Research_Capacity,AUS,Research_Capacity,As_Expected,4,0.8895417436417454,0.02490465148709605
AUT-As_Expected,AUT,As_Expected,Borderline,4,-0.3880798436302815,-0.209234943894055
AUT-Governance,AUT,Governance,Under,4,-1.615528519923402,-0.02642133062316353
AUT-Multiple_Factors,AUT,Multiple_Factors,Under,2,-1.816086787383818,-0.057339864722896976
AUT-Research_Capacity,AUT,Research_Capacity,Under,5,-1.315927371173133,-0.07191783674082869
BDI-As_Expected,BDI,As_Expected,Borderline,3,0.8056416642570986,-0.2031090527874652
BDI-Governance,BDI,Governance,Under,2,-0.181116519871253,0.016010036561140813
BEL-As_Expected,BEL,As_Expected,Borderline,8,-0.19138900977261103,-0.12518667206513925
BEL-Health_Infrastructure,BEL,Health_Infrastructure,Under,2,-0.7345302881305369,-0.1256474789784317
BEL-Research_Capacity,BEL,Research_Capacity,Under,4,-0.5558658648837822,-0.18472440652641503
BEN-As_Expected,BEN,As_Expected,Borderline,4,0.31590195337006244,0.002647453780193137
BEN-Research_Capacity,BEN,Research_Capacity,Over_Performing,3,0.6266626824792509,-0.1442114469039279
BFA-As_Expected,BFA,As_Expected,Borderline,3,0.11042460035469807,-0.09120746361399797
BFA-Governance,BFA,Governance,Over_Performing,2,2.44186356535169,-0.15624720267144032
BFA-Health_Infrastructure,BFA,Health_Infrastructure,As_Expected,2,0.057155803152237616,-0.05646253933558913
BFA-Multiple_Factors,BFA,Multiple_Factors,Over_Performing,2,0.2064999789595232,-0.027000785656462724
BFA-Research_Capacity,BFA,Research_Capacity,Over_Performing,2,2.275266175168759,-0.26906454721768447
BGD-As_Expected,BGD,As_Expected,Borderline,9,0.771763015194975,-0.03663735447752468
BGD-Governance,BGD,Governance,Over_Performing,2,2.4113418175371892,-0.16456215374799715
BGD-Research_Capacity,BGD,Research_Capacity,Over_Performing,3,0.6764179304062816,-0.10857612802627238
BGR-As_Expected,BGR,As_Expected,Borderline,10,0.2855392276947013,-0.04066896676656716
BGR-Governance,BGR,Governance,Over_Performing,2,-0.0027672498606741147,-0.03393637480694806
BGR-Health_Infrastructure,BGR,Health_Infrastructure,Under,2,-0.5124090892282145,0.07654271692097822
BGR-Research_Capacity,BGR,Research_Capacity,Under,2,-2.599547840808417,0.09979012598033468
BHR-As_Expected,BHR,As_Expected,Borderline,2,0.10019924118219548,0.08271987124402846
BHR-Governance,BHR,Governance,Over_Performing,2,4.103187488862677,-0.13621657629154
BHR-Multiple_Factors,BHR,Multiple_Factors,Over_Performing,2,2.6529223178635366,-0.14668352675928514
BHS-As_Expected,BHS,As_Expected,Borderline,2,0.7753631266769179,0.0666893466099697
BHS-Research_Capacity,BHS,Research_Capacity,Under,2,-3.074527002854853,0.0863113643903105
BIH-As_Expected,BIH,As_Expected,Borderline,9,0.3824322965205651,0.04333489373238943
BLR-As_Expected,BLR,As_Expected,Borderline,4,0.3385462654909759,0.04749705518983514
BLR-Governance,BLR,Governance,Over_Performing,2,3.3308634189566364,-0.004278538039076796
BLR-Health_Infrastructure,BLR,Health_Infrastructure,As_Expected,4,1.049798650718255,0.05313948444316619
BLR-Multiple_Factors,BLR,Multiple_Factors,Over_Performing,2,0.6251545750705132,-0.09680037444050386
BLR-Research_Capacity,BLR,Research_Capacity,Over_Performing,3,-0.022160617622824546,0.020187728670915936
BMU-Multiple_Factors,BMU,Multiple_Factors,Under,2,-3.164619377778961,0.10615782650455821
BOL-Governance,BOL,Governance,Under,3,-0.7446806311660722,-0.0004811981152638099
BOL-Health_Infrastructure,BOL,Health_Infrastructure,As_Expected,2,0.007777300915202123,-0.06692912380755472
BOL-Multiple_Factors,BOL,Multiple_Factors,Under,3,-1.1543034611474485,0.06866298880522437
BOL-Research_Capacity,BOL,Research_Capacity,Under,2,-1.30722146963225,0.04479626946445682
BRA-As_Expected,BRA,As_Expected,Borderline,9,0.2584478925394547,-0.13511358746665114
BRA-Health_Infrastructure,BRA,Health_Infrastructure,Under,4,-0.6171199123318734,-0.03553265822293668
BRA-Research_Capacity,BRA,Research_Capacity,As_Expected,2,-0.8098538871818345,-0.09968365373751246
BWA-As_Expected,BWA,As_Expected,Borderline,4,0.2991413510187723,-0.00766574808883025
BWA-Governance,BWA,Governance,Over_Performing,3,3.2102800331063706,-0.18375558042464776
BWA-Research_Capacity,BWA,Research_Capacity,Over_Performing,3,0.12762891666905762,-0.049994572180656636
CAN-As_Expected,CAN,As_Expected,Borderline,12,0.041808927545086284,-0.1742786178647877
CAN-Research_Capacity,CAN,Research_Capacity,As_Expected,3,-0.012879843123325815,-0.24763634247397562
CHE-As_Expected,CHE,As_Expected,Borderline,8,0.1994725114374728,-0.2094766512990458
CHE-Governance,CHE,Governance,Under,3,-1.2419960471125748,-0.11657939651208458
CHE-Multiple_Factors,CHE,Multiple_Factors,Under,2,-1.0090728138640217,-0.21823912386571187
CHE-Research_Capacity,CHE,Research_Capacity,As_Expected,2,-0.41251935561890063,-0.25786131297345577
CHL-As_Expected,CHL,As_Expected,Borderline,11,0.6076564723290644,-0.09934480390759352
CHL-Health_Infrastructure,CHL,Health_Infrastructure,As_Expected,3,0.4461160897895224,-0.14472910481242499
CHN-As_Expected,CHN,As_Expected,Borderline,3,0.20144195116670968,-0.1364735786669736
CHN-Governance,CHN,Governance,Under,2,-2.444180847343615,-0.015770414443211145
CHN-Health_Infrastructure,CHN,Health_Infrastructure,As_Expected,3,-0.47751673250740795,-0.07933148936938203
CHN-Multiple_Factors,CHN,Multiple_Factors,Under,3,-1.1225928579084534,-0.09820925632987602
CHN-Research_Capacity,CHN,Research_Capacity,Under,5,-1.485884035993531,-0.05186450797016694
CIV-As_Expected,CIV,As_Expected,Borderline,4,0.388219958073698,0.020759819205194072
CIV-Health_Infrastructure,CIV,Health_Infrastructure,As_Expected,3,-0.6754168614851039,0.0313378034566624
CIV-Research_Capacity,CIV,Research_Capacity,Over_Performing,2,0.05567161426295608,-0.09032086770437545
CMR-As_Expected,CMR,As_Expected,Borderline,3,0.711335050919713,-0.012430172813727833
CMR-Governance,CMR,Governance,Under,3,-1.7843473651781443,0.054188922412856215
CMR-Health_Infrastructure,CMR,Health_Infrastructure,As_Expected,4,-0.5276625431691224,0.007991095984259615
CMR-Research_Capacity,CMR,Research_Capacity,Under,3,-2.3615254233808876,0.0807154602037425
COD-As_Expected,COD,As_Expected,Borderline,3,-0.08635195819875685,-0.02487223910443631
COD-Governance,COD,Governance,Under,2,-2.0268557926727,0.0748956543473274
COD-Health_Infrastructure,COD,Health_Infrastructure,As_Expected,2,-1.0946446711942242,-0.026809037175692857
COD-Multiple_Factors,COD,Multiple_Factors,Under,2,-1.5713937803533509,0.06827069715509554
COD-Research_Capacity,COD,Research_Capacity,Under,3,-2.6563928633935974,0.04289423721951597
COG-Research_Capacity,COG,Research_Capacity,Under,2,-1.0347448383296352,0.06644658506345939
COL-As_Expected,COL,As_Expected,Borderline,12,0.5365255318770873,-0.10698202643011627
COL-Health_Infrastructure,COL,Health_Infrastructure,Under,2,-0.43676736397262017,-0.055883415462484085
CRI-As_Expected,CRI,As_Expected,Borderline,3,-0.07927925880761921,-0.007408866746282339
CRI-Governance,CRI,Governance,Over_Performing,4,1.939955215871365,0.09854582486120128
CRI-Health_Infrastructure,CRI,Health_Infrastructure,As_Expected,4,-0.4893529751387725,0.042503081562395156
CRI-Multiple_Factors,CRI,Multiple_Factors,Under,2,0.9719782201348459,0.4861539765863031
CUB-As_Expected,CUB,As_Expected,Borderline,7,0.2263072456540741,-0.03685275860420769
CUB-Research_Capacity,CUB,Research_Capacity,Under,4,-0.9112032903756075,-0.0025454080874980772
CYP-As_Expected,CYP,As_Expected,Borderline,6,0.20896971273966072,0.013789584959025573
CYP-Health_Infrastructure,CYP,Health_Infrastructure,Over_Performing,2,2.0207563604258163,-0.08947603667855826
CYP-Research_Capacity,CYP,Research_Capacity,Under,3,-1.2059809534039274,0.02827124261752781
CZE-As_Expected,CZE,As_Expected,Borderline,8,0.25849474006956735,-0.1052588343118499
CZE-Governance,CZE,Governance,Under,2,-1.1111612823146637,0.04568124627963922
CZE-Health_Infrastructure,CZE,Health_Infrastructure,Under,2,-1.0421477644553399,-0.021299553998845804
CZE-Research_Capacity,CZE,Research_Capacity,As_Expected,3,-0.03585118866116147,-0.06284066407779605
DEU-As_Expected,DEU,As_Expected,Borderline,5,0.09869748135353304,-0.22293172207625284
DEU-Governance,DEU,Governance,Under,3,-1.0135731104100176,-0.19724673428632933
DEU-Health_Infrastructure,DEU,Health_Infrastructure,Under,2,-1.20625786004892,-0.2258612013615348
DEU-Multiple_Factors,DEU,Multiple_Factors,Under,2,-1.082251389040938,-0.27656367337554405
DEU-Research_Capacity,DEU,Research_Capacity,Under,4,-1.9490363386117273,-0.18971405831517926
DNK-As_Expected,DNK,As_Expected,Borderline,8,0.7088083655316519,-0.18884224586980586
DNK-Health_Infrastructure,DNK,Health_Infrastructure,Over_Performing,2,2.2359716171267303,0.03061482250045265
DNK-Research_Capacity,DNK,Research_Capacity,Over_Performing,4,1.3663033562777698,0.2190705690648513
DOM-As_Expected,DOM,As_Expected,Borderline,7,0.5931451915813918,-0.05703060105980723
DOM-Governance,DOM,Governance,As_Expected,2,-0.5689528173482459,-0.03701084360762672
DOM-Health_Infrastructure,DOM,Health_Infrastructure,Over_Performing,3,1.1788244215390813,-0.10253208258043446
DOM-Research_Capacity,DOM,Research_Capacity,Over_Performing,3,0.8578924049614337,-0.13728469542120755
DZA-As_Expected,DZA,As_Expected,Borderline,7,-0.02903096357625185,0.009208850310339023
DZA-Research_Capacity,DZA,Research_Capacity,Under,3,0.14853041235152187,0.04006960682895174
ECU-As_Expected,ECU,As_Expected,Borderline,6,-0.15610195535558435,0.023998275390659077
ECU-Governance,ECU,Governance,Under,2,-1.0867224877581265,0.03737857065129244
ECU-Health_Infrastructure,ECU,Health_Infrastructure,Over_Performing,3,0.7259943540650444,-0.07309500300676854
ECU-Research_Capacity,ECU,Research_Capacity,Under,3,-0.7713828083802702,0.02499009431793406
EGY-As_Expected,EGY,As_Expected,Borderline,8,0.19746564582587706,0.009247688331206056
EGY-Governance,EGY,Governance,Under,2,-1.4198158430158292,0.0503935636828812
EGY-Health_Infrastructure,EGY,Health_Infrastructure,As_Expected,5,-0.14277318895804442,0.02158246244873094
ESP-As_Expected,ESP,As_Expected,Borderline,11,0.844588003205104,-0.22183128935591395
ESP-Governance,ESP,Governance,Over_Performing,2,2.541036921161307,-0.08051267426618178
EST-As_Expected,EST,As_Expected,Borderline,5,0.19823628656071052,-0.07913429463135584
EST-Governance,EST,Governance,Under,3,-2.097420046741842,0.08515619307725962
EST-Multiple_Factors,EST,Multiple_Factors,Under,3,-1.6602059155957232,0.07562139396818503
EST-Research_Capacity,EST,Research_Capacity,Under,4,-3.206809407066502,0.08503913897576561
ETH-As_Expected,ETH,As_Expected,Borderline,6,0.0033546870302072116,-0.08107181715590157
ETH-Governance,ETH,Governance,Under,2,0.4625001611823515,-0.036889996708555375
ETH-Health_Infrastructure,ETH,Health_Infrastructure,Under,4,-0.9285140703613964,0.01845104588060828
ETH-Research_Capacity,ETH,Research_Capacity,Under,2,-1.7496045925290165,0.0552250945285966
FIN-As_Expected,FIN,As_Expected,Borderline,4,0.6390741972731467,0.013701026888567187
FIN-Governance,FIN,Governance,Over_Performing,4,0.6846803773887614,-0.1640577702236717
FIN-Health_Infrastructure,FIN,Health_Infrastructure,Over_Performing,2,1.2819011951641903,-0.21485724807198311
FIN-Multiple_Factors,FIN,Multiple_Factors,Over_Performing,2,2.581522629530435,0.9030757708141004
FIN-Research_Capacity,FIN,Research_Capacity,Over_Performing,4,0.5620926849415094,0.038229269961509285
FRA-As_Expected,FRA,As_Expected,Borderline,4,0.5451858009310209,-0.16164908029004693
FRA-Governance,FRA,Governance,Over_Performing,3,1.7540202099152389,0.23878263070264186
FRA-Health_Infrastructure,FRA,Health_Infrastructure,Over_Performing,2,0.5381876032467321,0.03670281568218353
FRA-Research_Capacity,FRA,Research_Capacity,As_Expected,7,-0.4635622879765306,-0.1791073370975029
FSM-Governance,FSM,Governance,As_Expected,2,0.07778906716105849,-0.00857290952069097
GAB-As_Expected,GAB,As_Expected,Borderline,4,0.15283875416813789,0.023355182348321898
GAB-Research_Capacity,GAB,Research_Capacity,Over_Performing,3,0.4076747313656049,-0.039985315947543794
GBR-As_Expected,GBR,As_Expected,Borderline,7,0.5540317469654333,-0.1981516258694437
GBR-Governance,GBR,Governance,Over_Performing,2,0.8614701227273627,0.3034471628893433
GBR-Health_Infrastructure,GBR,Health_Infrastructure,Over_Performing,3,1.508403772675443,0.20178561880610726
GBR-Research_Capacity,GBR,Research_Capacity,Over_Performing,3,1.2572497255738524,-0.2351099619485119
GEO-As_Expected,GEO,As_Expected,Borderline,8,0.10859330249517665,0.019811780250620234
GEO-Research_Capacity,GEO,Research_Capacity,Under,4,0.07662951074322755,-0.03335651295779497
GHA-As_Expected,GHA,As_Expected,Borderline,8,0.25071138227581324,-0.07668414040794852
GHA-Health_Infrastructure,GHA,Health_Infrastructure,As_Expected,2,-0.03485095974687644,-0.08856605061598821
GHA-Multiple_Factors,GHA,Multiple_Factors,Over_Performing,2,0.35491028344539144,-0.12942419342073394
GHA-Research_Capacity,GHA,Research_Capacity,Over_Performing,2,-0.3546543609850983,-0.11276304637471031
GIN-As_Expected,GIN,As_Expected,Borderline,2,-0.5663750761656378,0.009489531258964673
GIN-Research_Capacity,GIN,Research_Capacity,Under,2,-1.5162001632688824,0.06697314647325477
GMB-As_Expected,GMB,As_Expected,Borderline,4,0.7780235287925144,-0.08913377008509951
GMB-Governance,GMB,Governance,Over_Performing,3,0.949007994101005,0.16082319294662709
GMB-Health_Infrastructure,GMB,Health_Infrastructure,Over_Performing,2,2.7149174253350385,-0.2556966174190638
GMB-Research_Capacity,GMB,Research_Capacity,Over_Performing,2,3.531345069248083,-0.0488011880191461
GNB-As_Expected,GNB,As_Expected,Borderline,3,1.14396959395814,-0.0862774890441911
GNB-Health_Infrastructure,GNB,Health_Infrastructure,Over_Performing,2,3.1045054384906843,-0.21081325092894676
GNB-Research_Capacity,GNB,Research_Capacity,Over_Performing,3,2.2045646186569274,-0.20235960120415544
GRC-As_Expected,GRC,As_Expected,Borderline,12,0.3311944122498719,-0.05613806260384364
GRC-Research_Capacity,GRC,Research_Capacity,As_Expected,2,0.979833374927809,-0.028444167422943367
GRL-Governance,GRL,Governance,Over_Performing,2,2.406748432251614,-0.12948820704641212
GRL-Multiple_Factors,GRL,Multiple_Factors,Over_Performing,3,3.4015600806886694,-0.15918897678047647
GTM-As_Expected,GTM,As_Expected,Borderline,10,0.08921550398785702,-0.048454906059623555
GTM-Governance,GTM,Governance,Under,2,-1.8607213138372027,0.05064476038804949
GTM-Research_Capacity,GTM,Research_Capacity,Under,3,-0.12052162993038411,0.010791643022038859
GUM-Research_Capacity,GUM,Research_Capacity,Under,2,-4.775895101123126,0.08620232090439148
HND-As_Expected,HND,As_Expected,Borderline,5,0.4485275333508367,-0.0927972001124668
HND-Governance,HND,Governance,Under,2,-0.6417451805558967,-0.04821118888025686
HND-Multiple_Factors,HND,Multiple_Factors,Under,2,-1.5802300874488349,0.07735654114989032
HND-Research_Capacity,HND,Research_Capacity,Under,3,-1.5059189771454253,0.024276931460248133
HRV-As_Expected,HRV,As_Expected,Borderline,8,0.27765930377448333,0.0006836983693666986
HRV-Governance,HRV,Governance,Under,2,-1.1846142311419972,0.07447333453596669
HRV-Research_Capacity,HRV,Research_Capacity,As_Expected,3,0.590499041503452,0.02973913846149488
HTI-As_Expected,HTI,As_Expected,Borderline,3,0.7023362026482095,-0.1831561463386345
HTI-Governance,HTI,Governance,Over_Performing,3,-0.2800615158749977,-0.07015701376653712
HTI-Research_Capacity,HTI,Research_Capacity,Over_Performing,4,1.451260065240928,-0.0665353605785852
HUN-As_Expected,HUN,As_Expected,Borderline,7,-0.001735058117584771,-0.07581641647450106
HUN-Governance,HUN,Governance,Under,2,0.7099243253331579,-0.11662234918706293
HUN-Health_Infrastructure,HUN,Health_Infrastructure,Under,2,0.37322025849700846,-0.0895563409272428
HUN-Research_Capacity,HUN,Research_Capacity,Under,5,-1.2801941426016787,0.029826504302932856
IDN-As_Expected,IDN,As_Expected,Borderline,5,0.2206503174898134,-0.04900261401352291
IDN-Governance,IDN,Governance,Under,3,-1.6864975621716904,0.06252325520374856
IDN-Multiple_Factors,IDN,Multiple_Factors,Under,3,-1.2733624652319142,0.0727226659809096
IDN-Research_Capacity,IDN,Research_Capacity,Under,5,-1.7610248504850528,0.07607253779695258
IND-As_Expected,IND,As_Expected,Borderline,8,-0.15007665405819182,-0.033742175050757384
IND-Governance,IND,Governance,Under,2,-1.6087981198106083,-3.420143207822496e-05
IND-Research_Capacity,IND,Research_Capacity,Under,4,-1.3727087298720266,-0.01730991445641221
IRL-As_Expected,IRL,As_Expected,Borderline,11,0.505527914828832,-0.18749138301877402
IRL-Research_Capacity,IRL,Research_Capacity,As_Expected,4,0.10985912685154808,-0.11445394681442404
IRN-As_Expected,IRN,As_Expected,Borderline,11,0.3337004156452787,-0.06648881563265657
IRN-Research_Capacity,IRN,Research_Capacity,As_Expected,3,0.49924596821681444,-0.1411994565624711
IRQ-As_Expected,IRQ,As_Expected,Borderline,7,0.7968514448023768,0.001983933979440033
IRQ-Health_Infrastructure,IRQ,Health_Infrastructure,As_Expected,3,0.5360617422594433,-0.04739793286922093
IRQ-Research_Capacity,IRQ,Research_Capacity,Under,2,0.7390839902528128,0.03314654490738801
ISL-As_Expected,ISL,As_Expected,Borderline,5,0.24499065067309794,-0.15777344803955068
ISL-Health_Infrastructure,ISL,Health_Infrastructure,Under,2,-2.931914588255236,0.01083808682083658
ISL-Research_Capacity,ISL,Research_Capacity,Over_Performing,6,0.2257175601492749,-0.07932404345845576
ISR-As_Expected,ISR,As_Expected,Borderline,3,-0.1616289048172818,-0.19745824841135962
ISR-Governance,ISR,Governance,As_Expected,3,0.22014425840029692,0.07452423795485041
ISR-Health_Infrastructure,ISR,Health_Infrastructure,Under,2,-0.9646880027131775,-0.20010603097826485
ISR-Multiple_Factors,ISR,Multiple_Factors,Under,3,-0.31984116771661103,-0.011209355395152295
ISR-Research_Capacity,ISR,Research_Capacity,Under,5,-1.5099353518321843,-0.18653563057599393
ITA-As_Expected,ITA,As_Expected,Borderline,11,0.22984260286679667,-0.17790836646406316
ITA-Research_Capacity,ITA,Research_Capacity,As_Expected,3,-0.27864847648468766,-0.13098635465388597
JAM-As_Expected,JAM,As_Expected,Borderline,2,0.2625682391549584,0.01863699305907906
JAM-Health_Infrastructure,JAM,Health_Infrastructure,Under,2,-2.5058271213345717,0.07163601287130206
JAM-Research_Capacity,JAM,Research_Capacity,Under,3,-0.19649051672359885,0.03573252847487513
JOR-As_Expected,JOR,As_Expected,Borderline,5,0.4568279907396535,-0.006798280720848921
JOR-Health_Infrastructure,JOR,Health_Infrastructure,Under,3,-0.7275648532024972,-0.06526341098160089
JOR-Research_Capacity,JOR,Research_Capacity,As_Expected,3,0.6790352476796556,-0.021803017009485462
JPN-As_Expected,JPN,As_Expected,Borderline,8,-0.1597074386594252,-0.1548324184273857
JPN-Governance,JPN,Governance,Under,2,-1.2150854396439428,-0.04443772000898977
JPN-Multiple_Factors,JPN,Multiple_Factors,Under,2,-1.2006406667441416,-0.159988579284075
JPN-Research_Capacity,JPN,Research_Capacity,Under,3,-1.5398050043813376,-0.13054907428714954
KAZ-As_Expected,KAZ,As_Expected,Borderline,4,-0.1001023887144662,0.018234234358793462
KAZ-Governance,KAZ,Governance,Over_Performing,2,0.16129146920725534,-0.09080196382552759
KAZ-Multiple_Factors,KAZ,Multiple_Factors,Under,2,0.40817022141863846,-0.00791240863998826
KAZ-Research_Capacity,KAZ,Research_Capacity,Under,3,-1.9293289948886583,0.0891462973638486
KEN-As_Expected,KEN,As_Expected,Borderline,7,0.6811878876423064,-0.19323524523733787
KEN-Governance,KEN,Governance,Over_Performing,2,1.6156770582327424,-0.05178397927544351
KEN-Health_Infrastructure,KEN,Health_Infrastructure,Under,3,-1.5654428983166426,-0.01806086922889813
KEN-Research_Capacity,KEN,Research_Capacity,Over_Performing,3,2.7319919946606177,-0.2811487291095191
KHM-As_Expected,KHM,As_Expected,Borderline,6,0.7111410246624753,-0.06756720859491623
KHM-Health_Infrastructure,KHM,Health_Infrastructure,Over_Performing,2,0.7423397802854088,-0.12348874941952367
KHM-Research_Capacity,KHM,Research_Capacity,Over_Performing,3,1.7907266753765285,-0.09982680032520791
KOR-As_Expected,KOR,As_Expected,Borderline,8,-0.3160764003491694,-0.22538805106898996
KOR-Governance,KOR,Governance,Under,3,-1.962554959940513,-0.01978921178228051
KOR-Health_Infrastructure,KOR,Health_Infrastructure,Under,2,-1.4115713280291855,-0.043198169274004834
KOR-Research_Capacity,KOR,Research_Capacity,Under,3,-0.26526105020233587,-0.10052081942956415
KWT-As_Expected,KWT,As_Expected,Borderline,7,0.25700514493819454,0.004987694371094425
LAO-Governance,LAO,Governance,Under,4,-1.257437554705278,0.004512210122339969
LAO-Health_Infrastructure,LAO,Health_Infrastructure,Over_Performing,2,1.0899254933672637,-0.0982124852385941
LBN-As_Expected,LBN,As_Expected,Borderline,7,0.03391128965550091,-0.05982595529882358
LBN-Multiple_Factors,LBN,Multiple_Factors,Over_Performing,2,0.2584082651941497,-0.13871228206677427
LBN-Research_Capacity,LBN,Research_Capacity,Under,3,-1.4412621389694598,0.056358527412295856
LBR-Governance,LBR,Governance,Over_Performing,2,0.010985911970349926,-0.23332283647715119
LBR-Health_Infrastructure,LBR,Health_Infrastructure,Under,3,-1.1904326586352354,0.24628135590675979
LKA-As_Expected,LKA,As_Expected,Borderline,8,0.013300723939074346,-0.15799056507548376
LKA-Health_Infrastructure,LKA,Health_Infrastructure,As_Expected,3,-0.08387241243377382,-5.658855408860695e-05
LKA-Research_Capacity,LKA,Research_Capacity,Under,3,-1.3272104725047527,0.0531639400154183
LSO-As_Expected,LSO,As_Expected,Borderline,3,1.1579853040032877,-0.21216730708255452
LTU-As_Expected,LTU,As_Expected,Borderline,7,0.3231430960850096,0.033472710406134025
LTU-Health_Infrastructure,LTU,Health_Infrastructure,Under,2,-1.999652501347479,0.06494244868740927
LTU-Research_Capacity,LTU,Research_Capacity,As_Expected,4,0.5113139540668601,-0.07890735832004388
LUX-As_Expected,LUX,As_Expected,Borderline,3,-0.49662466058555815,0.09688624942210257
LUX-Multiple_Factors,LUX,Multiple_Factors,Under,2,-2.2012825149550608,0.09484320091831644
LUX-Research_Capacity,LUX,Research_Capacity,As_Expected,4,-1.8914511975260007,0.07928412603272793
LVA-Governance,LVA,Governance,Under,4,-1.9452653177011268,0.08735320926511762
LVA-Health_Infrastructure,LVA,Health_Infrastructure,Under,3,-2.0478720989478028,0.059779082465007634
LVA-Multiple_Factors,LVA,Multiple_Factors,Under,3,-2.0173355113028593,0.0955363777722123
LVA-Research_Capacity,LVA,Research_Capacity,Under,4,-0.03775330943982358,0.012861504431179324
MAR-As_Expected,MAR,As_Expected,Borderline,3,0.022236464429755836,-0.0178184239421877
MAR-Governance,MAR,Governance,Under,3,-1.813431008342379,0.0753805063632133
MAR-Multiple_Factors,MAR,Multiple_Factors,Under,3,-1.6199300951006241,0.08399976674432148
MAR-Research_Capacity,MAR,Research_Capacity,Under,5,-1.2164072352566087,0.16229153074475644
MCO-Governance,MCO,Governance,Under,2,-3.256689095245191,0.11554842540736304
MCO-Research_Capacity,MCO,Research_Capacity,Under,3,-2.9560397915041534,0.0829071086270627
MDA-As_Expected,MDA,As_Expected,Borderline,2,-0.23105603007363618,0.05618300535325758
MDA-Governance,MDA,Governance,Under,4,-2.2659616167122367,0.09085921256152386
MDA-Health_Infrastructure,MDA,Health_Infrastructure,Under,2,-2.0710700160394007,0.04436437965751161
MDA-Research_Capacity,MDA,Research_Capacity,Under,4,-1.9895654430501377,0.07251147626690273
MDG-As_Expected,MDG,As_Expected,Borderline,4,0.40841548026974117,-0.06035041014369685
MDG-Health_Infrastructure,MDG,Health_Infrastructure,As_Expected,2,0.12393623299943601,0.028055171033326616
MEX-As_Expected,MEX,As_Expected,Borderline,12,0.42460929706786826,-0.0925017920326925
MEX-Health_Infrastructure,MEX,Health_Infrastructure,As_Expected,3,-0.0746145854846026,-0.01964158163348364
MKD-As_Expected,MKD,As_Expected,Borderline,5,-0.055226556497254456,0.033521517439049214
MKD-Governance,MKD,Governance,Under,2,-2.4653611928692083,0.07373212188551334
MKD-Research_Capacity,MKD,Research_Capacity,Under,3,-1.091377670779824,0.053044466094674204
MLI-As_Expected,MLI,As_Expected,Borderline,4,0.12729532778139627,0.005460942052569341
MLI-Health_Infrastructure,MLI,Health_Infrastructure,As_Expected,2,-0.5793497671823857,-0.007264879059958698
MLI-Research_Capacity,MLI,Research_Capacity,Under,2,0.41917725982003085,0.02585698242428796
MLT-Research_Capacity,MLT,Research_Capacity,Under,3,-1.030647943176177,0.025085352144900628
MMR-As_Expected,MMR,As_Expected,Borderline,2,-0.698363684859416,-0.07740958594545701
MMR-Governance,MMR,Governance,Under,3,-1.1273407627702892,0.05145040093167541
MMR-Health_Infrastructure,MMR,Health_Infrastructure,Under,2,-1.6877517159937467,0.021330911624932072
MMR-Multiple_Factors,MMR,Multiple_Factors,Under,2,0.38406316536592877,0.031169362006586352
MMR-Research_Capacity,MMR,Research_Capacity,Under,2,-3.261995355393207,0.09582487335500348
MNE-As_Expected,MNE,As_Expected,Borderline,7,0.28571666308386423,0.0594761733713569
MNG-As_Expected,MNG,As_Expected,Borderline,2,0.9759850726079949,-0.008632279376199647
MNG-Health_Infrastructure,MNG,Health_Infrastructure,Over_Performing,3,1.7299809668176274,0.08915412774669255
MNG-Multiple_Factors,MNG,Multiple_Factors,Over_Performing,3,2.6013558831357635,-0.15952538482087722
MOZ-As_Expected,MOZ,As_Expected,Borderline,3,0.2095525348055469,-0.1637863801247855
MOZ-Governance,MOZ,Governance,Under,3,-1.2587719582224925,-0.010494695121812073
MOZ-Health_Infrastructure,MOZ,Health_Infrastructure,Over_Performing,2,1.3242693295780568,-0.28424928933237165
MOZ-Multiple_Factors,MOZ,Multiple_Factors,Under,2,-2.5582341464829597,0.07481885408547713
MOZ-Research_Capacity,MOZ,Research_Capacity,Under,2,-2.2535521241942638,0.01311395591113347
MRT-Research_Capacity,MRT,Research_Capacity,Under,2,-2.448901078082278,0.1065599533913009
MUS-Multiple_Factors,MUS,Multiple_Factors,Over_Performing,2,-0.7373894535059422,-0.10075636317190036
MWI-As_Expected,MWI,As_Expected,Borderline,6,0.6553511187789733,-0.22269398533459925
MWI-Governance,MWI,Governance,Over_Performing,3,1.1685006338434318,-0.15364319520663539
MWI-Multiple_Factors,MWI,Multiple_Factors,Over_Performing,2,1.6022106212705536,-0.23088436084999686
MWI-Research_Capacity,MWI,Research_Capacity,Under,4,-1.5411823019170081,-0.018268463405310777
MYS-As_Expected,MYS,As_Expected,Borderline,14,0.5168592844303709,-0.09519154911948091
NAM-As_Expected,NAM,As_Expected,Borderline,3,0.6789025213476156,-0.09049920395900803
NAM-Research_Capacity,NAM,Research_Capacity,Under,3,-0.533212525216422,-0.022252125017851048
NER-As_Expected,NER,As_Expected,Borderline,2,0.38871956924452766,-0.13241773642718638
NER-Governance,NER,Governance,Over_Performing,2,-0.32854488000171234,-0.0903445169497842
NGA-As_Expected,NGA,As_Expected,Borderline,2,-0.5726075861818356,0.042416619152189666
NGA-Governance,NGA,Governance,Under,4,-1.7418657194810638,0.05499872796523999
NGA-Health_Infrastructure,NGA,Health_Infrastructure,Under,3,-2.0096313819898355,0.07106844474898498
NGA-Multiple_Factors,NGA,Multiple_Factors,Under,3,-1.8185472248201047,0.06765487940509034
NGA-Research_Capacity,NGA,Research_Capacity,Under,4,-2.1925274244827664,0.050095502401920435
NIC-As_Expected,NIC,As_Expected,Borderline,3,0.5968882359903208,-0.12188397384459408
NIC-Health_Infrastructure,NIC,Health_Infrastructure,Under,2,-1.3236306986489197,0.06147247773787706
NIC-Multiple_Factors,NIC,Multiple_Factors,Over_Performing,2,0.5325785403343071,-0.06647617875625063
NLD-As_Expected,NLD,As_Expected,Borderline,10,0.970109165213551,-0.11097212570355079
NLD-Research_Capacity,NLD,Research_Capacity,Over_Performing,4,0.9648564051824915,0.18618173760941817
NOR-As_Expected,NOR,As_Expected,Borderline,7,0.7132374684958861,-0.15494896726573915
NOR-Governance,NOR,Governance,Over_Performing,2,2.8966826488028055,0.20045105900426988
NOR-Health_Infrastructure,NOR,Health_Infrastructure,Over_Performing,2,2.2992849987180133,-0.005154011589758853
NOR-Multiple_Factors,NOR,Multiple_Factors,Over_Performing,2,2.5232617552789955,0.33612708853176476
NOR-Research_Capacity,NOR,Research_Capacity,Over_Performing,3,2.407480574699468,-0.13095313979540246
NPL-As_Expected,NPL,As_Expected,Borderline,8,0.317019211103429,-0.015032427030465395
NPL-Governance,NPL,Governance,Over_Performing,3,2.2570169919730723,0.23384750778121347
NPL-Research_Capacity,NPL,Research_Capacity,Over_Performing,3,2.5423045014353156,-0.09436320204558406
NZL-As_Expected,NZL,As_Expected,Borderline,10,0.6453851138529958,-0.22406931562734256
NZL-Research_Capacity,NZL,Research_Capacity,Under,3,-0.7771918358936416,-0.1287590665296468
OMN-As_Expected,OMN,As_Expected,Borderline,5,0.21665220981502947,-0.03051651917173042
OMN-Governance,OMN,Governance,Under,2,0.20234932690063845,0.016609454377558404
OMN-Research_Capacity,OMN,Research_Capacity,Under,2,-2.883543002203981,0.05901397921343926
PAK-As_Expected,PAK,As_Expected,Borderline,8,0.40863865544861216,0.02665548511326377
PAK-Governance,PAK,Governance,Under,2,-1.682169154919725,0.055863519782689025
PAK-Health_Infrastructure,PAK,Health_Infrastructure,As_Expected,2,0.03874664562048147,0.04549859054918152
PAK-Research_Capacity,PAK,Research_Capacity,Under,3,-2.2156538865503115,0.015853219687600468
PAN-As_Expected,PAN,As_Expected,Borderline,7,0.009997713562399155,-0.048846259037741806
PAN-Governance,PAN,Governance,Under,3,-2.187816476595131,0.0908932795174625
PAN-Research_Capacity,PAN,Research_Capacity,Under,2,-2.994860726956089,0.06929552220939106
PER-As_Expected,PER,As_Expected,Borderline,9,0.3391740242775289,-0.03254400959390286
PER-Health_Infrastructure,PER,Health_Infrastructure,As_Expected,2,0.047029971482574595,0.016742936094618736
PER-Research_Capacity,PER,Research_Capacity,Over_Performing,4,2.143754493814449,-0.024586593493724912
PHL-As_Expected,PHL,As_Expected,Borderline,8,0.11445407244058539,-0.09598969174316026
PHL-Health_Infrastructure,PHL,Health_Infrastructure,As_Expected,5,-0.26826033377277636,-0.01919949625874571
PNG-As_Expected,PNG,As_Expected,Borderline,4,0.8309729913537243,0.00999096149015577
POL-As_Expected,POL,As_Expected,Borderline,11,0.49196518389333493,-0.0968762623188895
POL-Research_Capacity,POL,Research_Capacity,As_Expected,5,-0.3048640532105911,-0.07683466834510555
PRI-As_Expected,PRI,As_Expected,Borderline,9,0.3539343203561633,0.004568495089673646
PRI-Health_Infrastructure,PRI,Health_Infrastructure,As_Expected,4,-0.5112628755867863,0.03614662493802322
PRI-Research_Capacity,PRI,Research_Capacity,Over_Performing,3,1.7627522108746845,-0.1568954128792723
PRT-As_Expected,PRT,As_Expected,Borderline,8,0.35500398807268835,-0.05846300837545104
PRT-Governance,PRT,Governance,Under,2,-0.9184029396125357,-0.002204783128377125
PRT-Research_Capacity,PRT,Research_Capacity,Under,5,-0.0785397502615158,-0.05657860008606086
PRY-Governance,PRY,Governance,Over_Performing,3,0.8113705879132082,-0.06843892586660599
PRY-Multiple_Factors,PRY,Multiple_Factors,Over_Performing,2,0.2507706043140765,-0.049474275324849
PSE-As_Expected,PSE,As_Expected,Borderline,5,-0.34438381390292316,-0.022405981538049746
PSE-Multiple_Factors,PSE,Multiple_Factors,Over_Performing,2,0.28920047121881287,-0.12488565461285672
QAT-As_Expected,QAT,As_Expected,Borderline,5,0.3565154919734753,-0.03935650383857897
QAT-Governance,QAT,Governance,Under,3,-1.6318557876809379,0.06525618594033655
QAT-Health_Infrastructure,QAT,Health_Infrastructure,Under,2,-2.6718360701682817,0.0752781105975302
QAT-Research_Capacity,QAT,Research_Capacity,Under,4,-0.7853541125883916,0.05890653804108284
ROU-As_Expected,ROU,As_Expected,Borderline,10,-0.03184898336021985,-0.025389742870233788
ROU-Health_Infrastructure,ROU,Health_Infrastructure,As_Expected,3,0.7159730573042715,-0.04771979260472096
ROU-Research_Capacity,ROU,Research_Capacity,Under,2,-0.5580715829938062,0.07661540059614384
RUS-As_Expected,RUS,As_Expected,Borderline,8,-0.08617180064121939,-0.043817990099430514
RUS-Health_Infrastructure,RUS,Health_Infrastructure,As_Expected,2,-0.8382894104436242,-0.08024412923459896
RUS-Research_Capacity,RUS,Research_Capacity,Under,4,-0.7092386619170425,0.04404698900257453
RWA-As_Expected,RWA,As_Expected,Borderline,7,0.12751176892911703,-0.09705212531589401
RWA-Governance,RWA,Governance,Under,2,-0.6229301479753303,-0.06898803575217047
RWA-Research_Capacity,RWA,Research_Capacity,Under,2,0.1956025656656446,-0.014632876810989903
SAU-As_Expected,SAU,As_Expected,Borderline,9,0.35142741596199994,-0.05711356930351652
SAU-Governance,SAU,Governance,Over_Performing,2,2.660184233506972,-0.2581247783828414
SAU-Research_Capacity,SAU,Research_Capacity,Over_Performing,4,1.9534569590283266,-0.11042087794283384
SDN-As_Expected,SDN,As_Expected,Borderline,4,0.15822811106788104,0.054235269667898836
SDN-Research_Capacity,SDN,Research_Capacity,Under,3,-0.42823492059482,0.07806383339965452
SEN-As_Expected,SEN,As_Expected,Borderline,2,-0.006728051100795329,0.02242208614301161
SEN-Governance,SEN,Governance,Over_Performing,2,2.2293265544199787,-0.03259640888192125
SEN-Health_Infrastructure,SEN,Health_Infrastructure,As_Expected,4,0.1921135009249615,-0.007299694626546404
SEN-Research_Capacity,SEN,Research_Capacity,Over_Performing,3,1.5210289874392375,-0.12264410751482357
SGP-As_Expected,SGP,As_Expected,Borderline,10,0.6353580621883383,-0.17534583620371955
SGP-Research_Capacity,SGP,Research_Capacity,Under,4,0.9043110243954013,0.10580757985488132
SLB-Governance,SLB,Governance,Over_Performing,2,3.92194380659459,-0.19993155410711547
SLE-As_Expected,SLE,As_Expected,Borderline,3,0.17263946018209034,-0.1927639916290964
SLE-Governance,SLE,Governance,Under,2,-1.3804112272395352,0.055390603691019516
SLV-As_Expected,SLV,As_Expected,Borderline,3,-0.15264077919537558,-0.002781902781488254
SLV-Multiple_Factors,SLV,Multiple_Factors,Under,2,-1.024444810985949,0.08632964764170492
SLV-Research_Capacity,SLV,Research_Capacity,Over_Performing,3,0.8488883545556858,0.013536298269389506
SRB-As_Expected,SRB,As_Expected,Borderline,9,0.08597995435498514,0.012383924797132663
SRB-Research_Capacity,SRB,Research_Capacity,Under,3,-1.1908082616127358,0.02956554534492477
SSD-Multiple_Factors,SSD,Multiple_Factors,Over_Performing,2,0.8460482244919494,-0.10464415993963218
SVK-As_Expected,SVK,As_Expected,Borderline,8,-0.324337333563538,0.007861381818606785
SVK-Health_Infrastructure,SVK,Health_Infrastructure,Under,2,-0.5875327770359055,0.03478141289076139
SVK-Research_Capacity,SVK,Research_Capacity,Under,3,-0.37355809590781913,-0.030784264522528988
SVN-As_Expected,SVN,As_Expected,Borderline,3,0.4564855630405042,-0.07945775033460982
SVN-Governance,SVN,Governance,Under,3,-1.33936828540601,-0.02008675890759749
SVN-Health_Infrastructure,SVN,Health_Infrastructure,Under,2,-1.4642984922713134,0.012334088596849816
SVN-Multiple_Factors,SVN,Multiple_Factors,Under,3,-2.2390961918801238,0.05657597191176905
SVN-Research_Capacity,SVN,Research_Capacity,Under,4,-0.6600297724173674,-0.05081499385427139
SWE-As_Expected,SWE,As_Expected,Borderline,12,0.5723684021472324,-0.15139164948570238
SWE-Governance,SWE,Governance,Over_Performing,2,1.9467016089424982,-0.129827802449103
SWE-Research_Capacity,SWE,Research_Capacity,As_Expected,2,0.8524277612067759,0.1829544370708717
SWZ-As_Expected,SWZ,As_Expected,Borderline,2,1.0073041675442715,-0.2105400865516281
SYR-As_Expected,SYR,As_Expected,Borderline,3,-0.38975674726054055,-0.0995198278608026
SYR-Multiple_Factors,SYR,Multiple_Factors,Under,2,-1.4732888035503815,0.0699473084875516
TGO-As_Expected,TGO,As_Expected,Borderline,3,-0.31444937110179155,0.06751479091793454
THA-As_Expected,THA,As_Expected,Borderline,12,-0.2105687855868168,-0.06482640444676965
THA-Governance,THA,Governance,Over_Performing,2,0.49578289860747515,-0.14681602400759192
THA-Health_Infrastructure,THA,Health_Infrastructure,As_Expected,2,0.014052843387330483,-0.028303245107953807
TUN-As_Expected,TUN,As_Expected,Borderline,8,0.47198059526705416,-0.01633200822298874
TUN-Health_Infrastructure,TUN,Health_Infrastructure,As_Expected,3,0.04222183173840829,0.016342213147850566
TUN-Research_Capacity,TUN,Research_Capacity,Under,2,0.5041468231632513,-0.12996308478112076
TUR-As_Expected,TUR,As_Expected,Borderline,7,0.6876557379693778,-0.0694955275891327
TUR-Health_Infrastructure,TUR,Health_Infrastructure,As_Expected,4,0.5872142873657316,-0.0581171139860356
TUR-Research_Capacity,TUR,Research_Capacity,As_Expected,4,0.44213181482794633,-0.05764214093360345
TWN-As_Expected,TWN,As_Expected,Borderline,2,-0.2508151204507418,-0.14282012367957625
TWN-Governance,TWN,Governance,Over_Performing,3,2.2798091238209324,-0.07479534396746357
TWN-Health_Infrastructure,TWN,Health_Infrastructure,Over_Performing,3,2.487979213672633,0.6714979252008245
TWN-Multiple_Factors,TWN,Multiple_Factors,Over_Performing,2,2.5818978681493916,0.5982988525388515
TWN-Research_Capacity,TWN,Research_Capacity,Over_Performing,6,1.07691543680651,0.5636916069588687
TZA-As_Expected,TZA,As_Expected,Borderline,9,0.03988959891852633,-0.09975988022076222
TZA-Governance,TZA,Governance,Over_Performing,2,1.7591377585990562,-0.26176187492265834
TZA-Health_Infrastructure,TZA,Health_Infrastructure,As_Expected,3,-0.05141001383520825,-0.036690834772060914
UGA-As_Expected,UGA,As_Expected,Borderline,6,-0.04738634354515425,-0.15207421966140824
UGA-Governance,UGA,Governance,As_Expected,2,-0.6750053820608348,-0.10776664868662122
UGA-Health_Infrastructure,UGA,Health_Infrastructure,Under,3,0.04295961387670211,-0.10005556179482111
UGA-Research_Capacity,UGA,Research_Capacity,Under,4,0.10553281209828069,-0.10957920109628061
UKR-As_Expected,UKR,As_Expected,Borderline,10,0.429095840290028,0.0030778576941671134
UKR-Health_Infrastructure,UKR,Health_Infrastructure,Under,3,-0.5738680586386592,-0.04684580458486309
UKR-Multiple_Factors,UKR,Multiple_Factors,Under,2,0.13641959779567125,-0.028846893569769667
URY-As_Expected,URY,As_Expected,Borderline,5,-0.04442940650541716,0.004402110702237226
URY-Governance,URY,Governance,Under,2,-2.6821682921374665,0.1158324846329285
URY-Multiple_Factors,URY,Multiple_Factors,Under,3,-2.8599080174196474,0.09777928493234557
URY-Research_Capacity,URY,Research_Capacity,Under,2,-2.053147498061166,0.09046211923654837
USA-As_Expected,USA,As_Expected,Borderline,5,0.12703455975432357,-0.06815646953255186
USA-Governance,USA,Governance,Under,3,-1.0565553753784689,-0.2620691166743545
USA-Health_Infrastructure,USA,Health_Infrastructure,Under,2,-1.0416334527474571,-0.1772827549405574
USA-Multiple_Factors,USA,Multiple_Factors,Under,3,-1.0451754835613094,-0.012218817811477628
USA-Research_Capacity,USA,Research_Capacity,Under,3,-0.07196595730145838,-0.24187395580028515
UZB-As_Expected,UZB,As_Expected,Borderline,6,0.793718827472793,-0.003462577353618932
VEN-As_Expected,VEN,As_Expected,Borderline,10,0.4415286977318017,-0.08882467273036934
VEN-Governance,VEN,Governance,Under,2,-1.0432773186956383,0.015444129604764437
VEN-Multiple_Factors,VEN,Multiple_Factors,Under,2,-1.1377501444961724,0.04129376948275026
VIR-As_Expected,VIR,As_Expected,Borderline,2,0.4077209785702083,0.09140960084967434
VNM-As_Expected,VNM,As_Expected,Borderline,9,0.2690229457718411,-0.0716535690228497
VNM-Health_Infrastructure,VNM,Health_Infrastructure,As_Expected,4,0.032917175043459146,-0.06403026688298145
VNM-Research_Capacity,VNM,Research_Capacity,Under,2,-1.7193316199720106,0.07826753025661345
YEM-As_Expected,YEM,As_Expected,Borderline,2,0.061363627791124586,-0.04246891323096848
ZAF-As_Expected,ZAF,As_Expected,Borderline,13,0.055580022021319925,-0.13573034977750653
ZAF-Health_Infrastructure,ZAF,Health_Infrastructure,As_Expected,2,-0.033977194510841746,-0.11782413909313735
ZMB-As_Expected,ZMB,As_Expected,Borderline,7,0.3377704925992241,-0.12837961613417953
ZMB-Governance,ZMB,Governance,Over_Performing,3,2.315729633699321,0.00917866045577618
ZMB-Health_Infrastructure,ZMB,Health_Infrastructure,Under,3,-0.6354930520647345,-0.01026318137244279
ZWE-As_Expected,ZWE,As_Expected,Borderline,9,0.8840889952286476,-0.11442050438964912
ZWE-Governance,ZWE,Governance,Under,2,-2.2092746130890077,0.06214487873474629
ZWE-Research_Capacity,ZWE,Research_Capacity,Under,2,-1.356671010623376,-0.11815755658577436
